prices,highs
0.2,6.0
4.906,5.067
4.855,4.922
4.627,4.696
4.66,4.897
4.868,5.821
5.812,6.321
5.823,5.95
5.678,6.089
5.842,5.879
5.365,5.542
5.371,5.431
5.275,5.366
5.113,5.121
4.92,5.335
5.2,5.23
5.12,5.355
5.19,5.35
5.2,5.222
5.053,5.198
4.884,5.059
4.925,4.964
4.945,5.212
5.019,5.099
5.027,5.25
5.052,5.23
5.118,5.31
5.28,5.299
5.272,5.276
5.175,5.196
5.105,5.149
5.084,5.09
5.047,5.057
4.984,5.25
5.192,5.253
5.228,5.684
5.622,5.8
5.795,5.973
5.863,5.889
5.739,5.814
5.672,5.747
5.661,5.667
5.611,5.833
5.755,6.15
6.047,6.199
5.987,6.23
6.21,6.4
6.267,6.284
6.108,6.213
6.144,6.199
6.032,6.079
6.04,6.099
6.088,6.137
5.94,5.942
5.878,6.028
5.992,6.053
5.877,5.894
5.727,5.8
5.754,5.799
5.772,5.82
5.585,5.7
5.63,5.77
5.722,5.94
5.76,5.95
5.932,6.05
5.962,6.15
6.084,6.084
5.92,5.962
5.882,5.97
5.917,5.935
5.894,6.0
5.988,6.051
6.012,6.134
6.01,6.045
6.017,6.16
6.154,6.201
6.134,6.344
6.315,6.5
6.42,6.666
6.551,6.553
6.425,6.557
6.514,6.65
6.634,6.843
6.813,6.97
6.882,6.986
6.861,6.878
6.802,6.978
6.889,7.25
7.165,7.241
7.01,7.12
6.954,7.125
7.124,7.149
7.067,7.204
7.125,7.355
7.295,7.639
7.622,8.082
7.727,8.1
8.002,8.361
7.686,7.932
7.9,7.947
7.807,7.9
7.843,8.06
7.738,7.94
7.806,7.86
7.6,7.64
7.549,7.734
7.65,7.715
7.417,7.48
7.419,7.55
7.424,7.472
7.266,7.67
7.587,7.65
7.547,7.85
7.799,7.95
7.614,7.777
7.701,7.768
7.699,7.845
7.529,7.679
7.607,7.896
7.868,7.999
7.848,7.957
7.848,7.868
7.768,7.877
7.855,7.968
7.943,8.224
8.165,8.285
7.914,7.97
7.875,7.885
7.722,7.828
7.688,7.932
7.864,7.893
7.823,7.828
7.714,7.774
7.45,7.61
7.575,7.791
7.69,7.734
7.504,7.746
7.706,7.713
7.644,7.73
7.684,7.875
7.7,7.75
7.497,7.5
7.161,7.247
6.949,7.097
7.051,7.2
7.168,7.178
7.09,7.223
7.141,7.165
7.053,7.185
7.005,7.064
7.007,7.139
7.089,7.103
7.01,7.036
6.978,7.1
7.045,7.358
7.303,7.4
7.259,7.304
7.243,7.33
7.319,7.346
7.214,7.273
7.175,7.237
7.124,7.24
7.218,7.42
7.319,7.5
7.422,7.731
7.628,7.713
7.699,7.707
7.576,7.666
7.499,7.644
7.615,7.667
7.622,7.713
7.696,7.704
7.512,7.61
7.593,7.66
7.61,7.665
7.558,7.583
7.423,7.567
7.537,7.548
7.481,7.536
7.389,7.409
7.343,7.423
7.398,7.441
7.39,7.41
7.341,7.369
7.335,7.356
7.341,7.356
7.352,7.5
7.472,7.489
7.412,7.555
7.498,7.569
7.551,7.558
7.541,7.634
7.541,7.7
7.608,7.609
7.472,7.509
7.499,7.499
7.461,7.515
7.489,7.489
7.408,7.508
7.494,7.565
7.546,7.558
7.546,7.549
7.372,7.54
7.515,7.543
7.51,7.544
7.539,7.61
7.453,7.62
7.588,7.763
7.714,7.748
7.63,7.65
7.588,7.743
7.743,7.749
7.695,7.75
7.749,7.85
7.633,7.68
7.578,7.647
7.623,7.678
7.647,7.665
7.446,7.512
7.46,7.489
7.428,7.49
7.478,7.493
7.408,7.474
7.473,7.494
7.468,7.504
7.5,7.557
7.532,7.602
7.58,7.598
7.596,7.713
7.573,7.613
7.605,7.613
7.605,7.737
7.682,7.767
7.657,7.699
7.628,7.639
7.545,7.555
7.524,7.567
7.492,7.538
7.492,7.523
7.403,7.447
7.413,7.5
7.494,7.545
7.526,7.541
7.461,7.495
7.477,7.505
7.505,7.516
7.462,7.469
7.45,7.466
7.333,7.369
7.275,7.32
7.216,7.246
7.225,7.286
7.224,7.228
7.147,7.152
7.104,7.179
7.172,7.214
7.2,7.231
7.193,7.278
7.257,7.261
7.111,7.115
7.014,7.072
7.057,7.109
7.07,7.08
7.005,7.03
6.988,7.0
6.979,7.046
6.952,7.021
7.016,7.031
7.017,7.066
7.034,7.034
6.979,7.054
6.997,7.04
6.976,6.977
6.896,6.942
6.933,7.042
7.029,7.099
7.041,7.082
7.011,7.15
7.142,7.15
7.069,7.088
7.046,7.079
7.059,7.133
7.122,7.18
7.143,7.224
7.141,7.217
7.119,7.222
7.173,7.181
7.121,7.151
7.099,7.337
7.328,7.42
7.285,7.325
7.282,7.338
7.298,7.393
7.385,7.43
7.3,7.42
7.361,7.4
7.377,7.43
7.377,7.382
7.277,7.355
7.324,7.326
7.281,7.294
7.118,7.161
7.143,7.218
7.216,7.222
7.193,7.222
7.155,7.215
7.161,7.193
7.153,7.155
7.1,7.189
7.175,7.215
7.164,7.311
7.307,7.399
7.389,7.4
7.318,7.363
7.298,7.496
7.482,7.5
7.397,7.437
7.426,7.446
7.353,7.39
7.314,7.361
7.253,7.274
7.202,7.281
7.248,7.253
7.211,7.222
7.187,7.211
7.2,7.227
7.182,7.258
7.243,7.26
7.209,7.209
7.087,7.152
7.11,7.146
7.092,7.156
7.117,7.285
7.277,7.381
7.304,7.36
7.243,7.27
7.132,7.173
7.126,7.166
7.118,7.159
7.124,7.149
7.085,7.148
7.128,7.129
7.097,7.122
7.092,7.128
7.101,7.15
7.114,7.116
7.054,7.073
6.978,7.041
7.04,7.041
7.014,7.055
7.012,7.025
6.982,7.014
7.01,7.085
7.083,7.12
7.093,7.093
7.066,7.109
7.087,7.154
7.106,7.117
7.091,7.106
7.049,7.098
7.092,7.152
7.089,7.15
7.146,7.2
7.099,7.154
7.04,7.122
7.119,7.124
7.107,7.153
7.129,7.198
7.196,7.245
7.152,7.21
7.166,7.249
7.215,7.655
7.578,7.67
7.65,7.759
7.693,7.983
7.917,7.99
7.918,8.233
8.061,8.299
8.245,8.734
8.486,8.586
8.418,8.539
8.282,8.5
8.459,8.512
8.264,8.33
8.213,8.236
8.121,8.146
8.138,8.311
8.245,8.34
8.304,8.344
8.343,8.429
8.329,8.356
8.254,8.275
8.197,8.219
8.171,8.273
8.222,8.253
8.18,8.193
8.176,8.244
8.218,8.312
8.278,8.399
8.373,8.439
8.39,8.39
8.111,8.149
8.133,8.201
8.106,8.157
8.124,8.197
8.17,8.178
8.167,8.17
8.167,8.277
8.18,8.266
8.228,8.239
8.048,8.119
7.925,7.992
7.914,7.985
7.953,7.953
7.901,7.976
7.969,8.15
8.15,8.17
8.128,8.276
8.198,8.252
8.211,8.55
8.477,8.569
8.26,8.344
8.328,8.349
8.193,8.3
8.193,8.194
8.103,8.178
8.108,8.232
8.225,8.271
8.225,8.24
8.101,8.118
8.047,8.087
8.086,8.124
8.033,8.172
8.142,8.276
8.204,8.21
8.1,8.127
8.112,8.217
8.203,8.21
7.994,8.008
7.927,7.985
7.917,7.975
7.902,7.935
7.794,7.842
7.839,7.851
7.743,7.81
7.742,7.819
7.783,7.847
7.731,7.785
7.739,7.748
7.606,7.647
7.637,7.698
7.671,7.767
7.74,7.793
7.677,7.72
7.665,7.769
7.731,7.771
7.713,7.869
7.824,7.845
7.813,7.843
7.822,7.83
7.699,7.75
7.668,7.687
7.663,7.88
7.831,7.87
7.85,7.917
7.813,7.95
7.878,7.935
7.881,7.926
7.926,8.076
7.957,7.966
7.858,7.888
7.874,7.937
7.898,7.913
7.808,7.835
7.823,7.847
7.731,7.75
7.619,7.62
7.512,7.631
7.626,7.73
7.672,7.682
7.653,7.675
7.633,7.653
7.584,7.608
7.595,7.637
7.598,7.664
7.654,7.689
7.688,7.691
7.653,7.698
7.693,7.696
7.639,7.654
7.649,7.653
7.616,7.621
7.594,7.621
7.593,7.65
7.595,7.667
7.617,7.645
7.615,7.615
7.521,7.54
7.498,7.522
7.496,7.549
7.547,7.563
7.527,7.551
7.535,7.666
7.631,7.702
7.597,7.597
7.504,7.544
7.54,7.543
7.518,7.536
7.291,7.3
7.287,7.3
7.299,7.3
7.241,7.297
7.256,7.286
7.199,7.264
7.229,7.288
7.245,7.299
7.286,7.3
7.276,7.358
7.313,7.316
7.264,7.28
7.247,7.267
7.13,7.24
7.18,7.227
7.165,7.221
7.217,7.245
7.243,7.273
7.244,7.314
7.294,7.312
7.196,7.234
7.187,7.28
7.235,7.258
7.215,7.26
7.232,7.264
7.259,7.274
7.264,7.265
7.23,7.287
7.285,7.374
7.361,7.436
7.355,7.415
7.377,7.39
7.379,7.396
7.388,7.428
7.396,7.464
7.389,7.394
7.372,7.424
7.387,7.42
7.325,7.336
7.315,7.318
7.227,7.283
7.25,7.414
7.41,7.428
7.401,7.45
7.447,7.488
7.454,7.6
7.532,7.595
7.446,7.495
7.437,7.64
7.581,7.7
7.633,7.664
7.606,7.743
7.656,7.764
7.645,7.704
7.642,7.706
7.662,7.788
7.766,7.849
7.705,7.738
7.679,7.684
7.588,7.6
7.508,7.619
7.56,7.643
7.636,7.653
7.575,7.683
7.642,7.673
7.638,7.67
7.644,7.677
7.673,7.676
7.653,7.743
7.722,7.755
7.642,7.663
7.623,7.682
7.679,7.702
7.689,7.698
7.645,7.645
7.489,7.544
7.491,7.519
7.518,7.523
7.459,7.565
7.515,7.56
7.509,7.511
7.462,7.462
7.374,7.487
7.473,7.505
7.5,7.504
7.445,7.453
7.438,7.455
7.437,7.455
7.431,7.49
7.405,7.428
7.429,7.475
7.461,7.489
7.441,7.467
7.447,7.485
7.481,7.611
7.544,7.782
7.742,7.798
7.797,7.9
7.859,7.869
7.746,7.75
7.658,7.748
7.698,7.741
7.544,7.558
7.455,7.526
7.523,7.585
7.58,7.668
7.585,7.632
7.581,7.627
7.527,7.56
7.469,7.504
7.449,7.505
7.481,7.66
7.606,7.739
7.702,7.757
7.711,7.711
7.672,7.699
7.584,7.6
7.583,7.604
7.596,7.612
7.521,7.581
7.535,7.563
7.514,7.589
7.583,7.689
7.672,7.707
7.676,7.726
7.668,7.706
7.691,7.734
7.641,7.676
7.64,7.698
7.673,7.677
7.599,7.677
7.601,7.687
7.584,7.619
7.422,7.443
7.421,7.475
7.473,7.488
7.487,7.493
7.314,7.353
7.224,7.254
7.251,7.343
7.342,7.384
7.359,7.376
7.361,7.433
7.42,7.453
7.386,7.432
7.42,7.435
7.336,7.358
7.268,7.46
7.363,7.399
7.284,7.35
7.34,7.47
7.449,7.459
7.455,7.53
7.456,7.461
7.374,7.426
7.328,7.338
7.17,7.337
7.26,7.384
7.292,7.299
7.216,7.241
7.191,7.199
6.954,7.165
7.159,7.216
7.118,7.118
6.934,7.025
7.015,7.083
7.071,7.163
7.161,7.25
7.209,7.225
7.218,7.34
7.255,7.26
7.211,7.235
7.202,7.234
7.214,7.231
7.215,7.245
7.215,7.276
7.27,7.306
7.255,7.289
7.256,7.302
7.248,7.252
7.183,7.2
7.168,7.2
7.159,7.186
7.143,7.162
7.158,7.384
7.358,7.439
7.36,7.42
7.292,7.334
7.253,7.31
7.299,7.305
7.145,7.189
7.14,7.159
7.084,7.125
7.121,7.133
7.061,7.079
7.06,7.124
7.11,7.12
6.951,7.005
6.945,7.0
6.981,7.047
7.009,7.051
6.999,7.016
6.933,7.135
7.094,7.097
7.06,7.24
7.209,7.235
7.21,7.262
7.023,7.093
6.975,7.37
7.36,7.427
7.382,7.427
7.354,7.5
7.457,7.499
7.126,7.154
7.051,7.103
6.979,7.082
7.077,7.148
7.112,7.156
7.128,7.172
7.15,7.188
7.11,7.197
7.191,7.214
7.19,7.193
7.176,7.249
7.234,7.3
7.208,7.25
7.206,7.245
7.129,7.134
7.055,7.18
7.134,7.137
6.929,7.032
7.031,7.035
7.022,7.024
7.007,7.063
7.013,7.037
7.004,7.052
6.988,7.075
7.059,7.064
7.025,7.091
7.06,7.136
7.093,7.133
7.11,7.157
7.15,7.183
7.102,7.161
7.124,7.138
7.123,7.179
7.166,7.182
7.151,7.153
7.055,7.062
7.049,7.073
7.049,7.17
7.165,7.166
7.117,7.121
7.011,7.075
7.03,7.129
7.122,7.173
7.16,7.188
7.119,7.258
7.206,7.28
7.141,7.196
7.132,7.192
7.163,7.291
7.282,7.468
7.46,7.523
7.488,7.506
7.46,7.495
7.465,7.474
7.467,7.5
7.446,7.456
7.351,7.392
7.341,7.363
7.282,7.411
7.358,7.373
7.275,7.279
7.145,7.218
7.195,7.256
7.243,7.258
7.196,7.211
7.121,7.176
7.149,7.183
7.091,7.091
7.089,7.145
7.134,7.136
7.129,7.16
7.111,7.162
7.159,7.189
7.143,7.212
7.201,7.201
7.177,7.188
7.114,7.147
7.058,7.127
7.116,7.121
7.042,7.073
7.062,7.09
7.082,7.091
7.043,7.084
7.067,7.101
7.072,7.127
7.115,7.117
7.002,7.05
7.02,7.025
7.017,7.066
7.06,7.09
7.08,7.098
6.957,6.961
6.648,6.72
6.568,6.575
6.289,6.418
6.381,6.447
6.401,6.507
6.498,6.506
6.464,6.497
6.478,6.48
6.462,6.501
6.496,6.524
6.436,6.5
6.486,6.495
6.419,6.429
6.363,6.378
6.321,6.323
6.271,6.289
6.283,6.307
6.271,6.289
6.212,6.223
6.164,6.173
6.027,6.08
5.963,6.06
6.039,6.088
6.047,6.1
6.084,6.112
6.107,6.125
6.113,6.194
6.185,6.197
6.186,6.186
6.173,6.177
6.122,6.154
6.131,6.166
6.159,6.2
6.201,6.228
6.161,6.187
6.173,6.241
6.209,6.245
6.218,6.248
6.235,6.247
6.24,6.275
6.264,6.337
6.32,6.322
6.218,6.239
6.23,6.266
6.262,6.286
6.284,6.357
6.349,6.359
6.31,6.35
6.332,6.338
6.311,6.366
6.335,6.42
6.364,6.41
6.395,6.443
6.427,6.444
6.398,6.451
6.408,6.416
6.404,6.477
6.447,6.449
6.444,6.445
6.409,6.411
6.369,6.39
6.376,6.382
6.357,6.36
6.321,6.338
6.336,6.338
6.326,6.329
6.259,6.314
6.304,6.35
6.348,6.405
6.392,6.449
6.402,6.403
6.331,6.354
6.276,6.308
6.309,6.31
6.246,6.27
6.259,6.408
6.372,6.383
6.37,6.383
6.383,6.401
6.398,6.412
6.37,6.43
6.404,6.444
6.418,6.426
6.364,6.399
6.393,6.445
6.424,6.462
6.437,6.525
6.467,6.467
6.393,6.476
6.444,6.449
6.389,6.436
6.406,6.453
6.45,6.45
6.402,6.432
6.413,6.486
6.471,6.512
6.491,6.492
6.432,6.461
6.399,6.411
6.398,6.445
6.421,6.447
6.439,6.452
6.434,6.46
6.426,6.45
6.447,6.448
6.416,6.442
6.433,6.453
6.421,6.425
6.392,6.412
6.395,6.414
6.392,6.418
6.414,6.423
6.404,6.443
6.437,6.45
6.449,6.459
6.432,6.435
6.402,6.402
6.318,6.323
6.256,6.299
6.291,6.341
6.336,6.379
6.374,6.388
6.377,6.4
6.373,6.384
6.335,6.405
6.388,6.42
6.38,6.381
6.359,6.36
6.312,6.315
6.262,6.284
6.241,6.249
6.226,6.236
6.133,6.15
6.11,6.198
6.178,6.183
6.136,6.181
6.179,6.18
6.165,6.179
6.149,6.192
6.188,6.212
6.201,6.225
6.158,6.201
6.174,6.23
6.227,6.283
6.249,6.272
6.265,6.315
6.306,6.41
6.399,6.499
6.361,6.405
6.382,6.386
6.347,6.364
6.298,6.36
6.326,6.364
6.359,6.369
6.312,6.364
6.345,6.349
6.338,6.35
6.345,6.352
6.244,6.277
6.271,6.292
6.288,6.296
6.255,6.267
6.22,6.244
6.233,6.28
6.275,6.283
6.225,6.282
6.191,6.35
6.339,6.408
6.394,6.416
6.287,6.357
6.342,6.37
6.344,6.417
6.389,6.473
6.471,6.498
6.462,6.5
6.474,6.52
6.502,6.55
6.496,6.686
6.64,6.675
6.584,6.65
6.605,6.611
6.599,6.627
6.565,6.612
6.563,6.6
6.5,6.528
6.46,6.528
6.496,6.518
6.471,6.493
6.332,6.408
6.39,6.401
6.35,6.393
6.324,6.367
6.366,6.368
6.242,6.298
6.236,6.264
6.266,6.293
6.283,6.289
6.227,6.286
6.276,6.292
6.26,6.276
6.229,6.255
6.237,6.24
6.207,6.213
6.192,6.211
6.207,6.243
6.237,6.271
6.27,6.283
6.24,6.245
6.228,6.228
6.204,6.245
6.244,6.275
6.254,6.274
6.23,6.259
6.248,6.285
6.285,6.328
6.327,6.334
6.318,6.342
6.295,6.339
6.337,6.341
6.339,6.362
6.315,6.32
6.277,6.299
6.293,6.321
6.313,6.339
6.293,6.355
6.346,6.35
6.269,6.307
6.25,6.253
6.211,6.326
6.285,6.343
6.336,6.34
6.326,6.407
6.396,6.42
6.247,6.308
6.256,6.271
6.229,6.276
6.241,6.292
6.273,6.366
6.239,6.281
6.263,6.292
6.216,6.255
6.211,6.28
6.279,6.307
6.262,6.272
6.078,6.079
5.879,5.91
5.589,5.642
5.613,5.655
5.652,5.709
5.696,5.713
5.678,5.854
5.822,5.833
5.829,5.864
5.84,5.971
5.943,5.997
5.993,5.995
5.947,5.95
5.935,5.958
5.948,6.094
6.093,6.166
6.153,6.16
6.129,6.156
6.085,6.095
6.07,6.109
6.042,6.098
6.095,6.159
6.037,6.054
6.009,6.037
6.023,6.025
5.979,5.989
5.916,5.929
5.929,5.953
5.902,6.027
6.022,6.05
5.978,6.119
6.093,6.155
6.112,6.161
6.076,6.097
6.035,6.059
6.031,6.041
6.027,6.038
5.967,5.983
5.936,5.983
5.97,6.075
5.986,6.048
6.001,6.021
5.972,5.982
5.949,5.955
5.909,5.911
5.9,5.921
5.764,5.807
5.797,5.828
5.753,5.765
5.731,5.77
5.724,5.752
5.745,5.8
5.782,5.871
5.849,5.857
5.855,5.881
5.84,5.852
5.731,5.749
5.739,5.748
5.574,5.64
5.596,5.685
5.677,5.687
5.656,5.72
5.717,5.79
5.783,5.783
5.772,5.844
5.841,5.85
5.802,5.832
5.818,5.847
5.788,5.861
5.845,5.889
5.883,5.888
5.887,5.905
5.847,5.867
5.826,5.84
5.807,5.807
5.796,5.833
5.796,5.845
5.769,5.823
5.814,5.832
5.805,5.829
5.813,5.82
5.794,5.801
5.758,5.771
5.73,5.775
5.743,5.746
5.711,5.752
5.719,5.781
5.745,5.799
5.781,5.819
5.798,5.802
5.746,5.751
5.726,5.75
5.706,5.716
5.665,5.699
5.687,5.708
5.677,5.758
5.75,5.79
5.784,5.788
5.754,5.797
5.794,5.822
5.82,5.881
5.846,5.863
5.799,5.819
5.803,5.817
5.807,5.857
5.856,5.891
5.846,5.879
5.84,5.9
5.899,5.913
5.854,5.91
5.897,5.958
5.948,5.965
5.792,5.841
5.826,5.838
5.799,5.803
5.785,5.796
5.789,5.88
5.859,5.874
5.852,5.996
5.917,6.029
6.018,6.07
6.039,6.063
6.0,6.037
5.95,5.986
5.948,5.961
5.93,5.998
5.924,5.956
5.913,5.957
5.843,5.906
5.9,5.939
5.914,5.931
5.874,6.069
6.037,6.192
6.143,6.229
6.143,6.168
6.156,6.185
6.137,6.169
6.06,6.107
6.006,6.05
6.027,6.124
6.1,6.149
6.12,6.127
6.118,6.154
6.094,6.096
6.042,6.094
6.086,6.1
6.079,6.113
6.103,6.117
6.114,6.129
6.099,6.115
6.042,6.073
6.066,6.12
6.091,6.117
6.098,6.215
6.214,6.235
6.208,6.251
6.241,6.25
6.229,6.277
6.247,6.309
6.251,6.313
6.205,6.4
6.362,6.4
6.301,6.313
6.271,6.318
6.285,6.317
6.289,6.365
6.3,6.346
6.344,6.349
6.247,6.284
6.279,6.299
6.296,6.303
6.2,6.218
5.812,5.968
5.91,5.99
5.956,6.067
6.018,6.051
5.979,6.012
5.982,6.0
5.964,6.0
5.971,6.055
6.021,6.033
6.002,6.055
6.032,6.043
6.001,6.037
6.009,6.043
6.039,6.099
6.077,6.113
6.051,6.085
6.056,6.096
6.075,6.086
6.07,6.075
6.043,6.054
6.008,6.015
5.979,6.021
5.992,5.994
5.981,5.987
5.981,6.001
5.99,6.003
5.962,5.967
5.932,5.954
5.949,5.965
5.948,5.987
5.981,5.993
5.938,5.951
5.919,5.921
5.915,5.988
5.982,5.996
5.898,5.972
5.972,5.991
5.986,6.01
5.941,6.023
5.975,5.977
5.901,5.903
5.876,5.895
5.885,5.942
5.933,5.934
5.927,5.953
5.917,5.922
5.923,5.934
5.925,5.982
5.959,6.019
6.007,6.04
5.982,6.043
5.975,6.139
6.134,6.144
6.126,6.132
6.034,6.054
5.973,5.981
5.91,5.98
5.966,5.995
5.981,6.06
6.047,6.106
6.089,6.13
5.993,6.015
5.981,6.287
6.053,6.155
6.112,6.112
5.968,5.99
5.885,5.903
5.76,5.827
5.82,5.822
5.643,5.751
5.643,5.835
5.834,5.843
5.84,5.858
5.828,5.881
5.787,5.806
5.784,5.799
5.79,5.817
5.813,5.82
5.807,5.831
5.821,5.821
5.776,5.804
5.788,5.798
5.725,5.741
5.678,5.692
5.687,5.742
5.708,5.711
5.606,5.659
5.646,5.651
5.632,5.652
5.652,5.813
5.795,5.889
5.846,6.08
5.986,6.149
6.106,6.119
6.04,6.067
5.968,5.991
5.919,5.976
5.906,5.984
5.925,6.055
6.014,6.13
6.058,6.074
6.065,6.128
6.121,6.125
6.095,6.098
6.046,6.051
6.042,6.087
6.072,6.08
6.003,6.01
5.948,6.027
6.024,6.026
5.945,6.024
5.962,6.056
5.853,6.03
5.93,5.994
5.843,6.006
5.999,6.001
5.886,6.005
5.994,6.083
6.003,6.026
5.922,5.961
5.853,5.86
5.423,5.605
5.523,5.547
5.477,5.734
5.731,5.733
5.7,5.725
5.661,5.76
5.76,5.794
5.79,5.813
5.766,5.838
5.837,5.908
5.86,5.931
5.852,5.868
5.752,5.79
5.695,5.76
5.652,5.808
5.805,5.946
5.924,6.05
6.011,6.089
6.038,6.076
6.011,6.036
5.979,6.022
6.006,6.09
6.065,6.266
6.172,6.252
6.233,6.299
6.279,6.309
6.173,6.215
6.135,6.172
6.106,6.284
6.255,6.275
6.198,6.25
6.223,6.224
6.136,6.156
6.059,6.067
6.05,6.151
6.092,6.25
6.23,6.252
6.19,6.269
6.186,6.203
6.189,6.396
6.393,6.423
6.31,6.337
6.323,6.345
6.305,6.515
6.507,6.541
6.468,6.486
6.435,6.447
6.426,6.426
6.35,6.395
6.324,6.382
6.375,6.385
6.34,6.413
6.403,6.459
6.45,6.486
6.473,6.595
6.57,6.6
6.594,6.686
6.581,6.605
6.576,6.579
6.511,6.511
6.454,6.505
6.402,6.439
6.424,6.438
6.374,6.389
6.346,6.412
6.407,6.407
6.344,6.387
6.337,6.349
6.248,6.332
6.323,6.325
6.311,6.413
6.381,6.396
6.337,6.424
6.394,6.471
6.438,6.524
6.46,6.504
6.425,6.461
6.45,6.457
6.402,6.424
6.331,6.361
6.34,6.384
6.378,6.422
6.403,6.488
6.456,6.572
6.535,6.58
6.536,6.57
6.516,6.544
6.521,6.628
6.591,6.663
6.663,6.983
6.944,6.962
6.838,6.903
6.834,6.93
6.899,6.961
6.873,6.878
6.836,6.883
6.863,6.903
6.872,6.936
6.844,6.861
6.766,6.826
6.825,6.863
6.827,6.857
6.853,6.882
6.761,6.931
6.863,6.904
6.878,6.917
6.907,6.984
6.891,6.92
6.799,6.804
6.71,6.717
6.675,6.721
6.715,6.755
6.729,6.735
6.668,6.681
6.665,6.746
6.739,6.74
6.709,6.709
6.688,6.72
6.715,6.745
6.668,6.7
6.658,6.672
6.594,6.684
6.646,6.677
6.607,6.626
6.594,6.641
6.602,6.663
6.613,6.687
6.648,6.683
6.67,6.681
6.654,6.662
6.655,6.681
6.574,6.618
6.544,6.561
6.486,6.541
6.505,6.515
6.443,6.487
6.268,6.324
6.261,6.399
6.394,6.419
6.415,6.456
6.397,6.404
6.387,6.404
6.399,6.4
6.359,6.375
6.375,6.43
6.381,6.418
6.395,6.427
6.408,6.422
6.378,6.447
6.446,6.455
6.417,6.446
6.435,6.438
6.422,6.44
6.438,6.466
6.444,6.445
6.425,6.436
6.432,6.472
6.471,6.531
6.477,6.48
6.45,6.549
6.547,6.57
6.563,6.569
6.551,6.581
6.561,6.594
6.586,6.616
6.578,6.625
6.607,6.627
6.601,6.647
6.636,6.663
6.662,6.663
6.588,6.611
6.597,6.603
6.543,6.566
6.452,6.537
6.534,6.619
6.608,6.658
6.655,6.667
6.598,6.664
6.647,6.676
6.624,6.769
6.763,6.95
6.85,6.87
6.742,6.768
6.743,6.757
6.677,6.733
6.727,6.727
6.556,6.59
6.537,6.59
6.55,6.566
6.551,6.571
6.541,6.577
6.569,6.574
6.506,6.558
6.527,6.557
6.537,6.544
6.518,6.548
6.545,6.562
6.558,6.568
6.537,6.568
6.552,6.604
6.601,6.611
6.588,6.63
6.627,6.676
6.568,6.712
6.684,6.699
6.66,6.669
6.611,6.645
6.625,6.637
6.608,6.729
6.72,6.789
6.703,6.732
6.71,6.795
6.75,6.815
6.79,6.877
6.824,6.832
6.776,6.873
6.848,7.138
7.087,7.153
7.104,7.104
6.954,6.954
6.735,6.825
6.721,6.782
6.772,6.811
6.788,6.788
6.746,6.795
6.749,6.757
6.718,6.779
6.707,6.751
6.688,6.737
6.684,6.694
6.691,6.944
6.899,6.953
6.907,6.933
6.875,7.2
7.154,7.158
7.138,7.303
7.247,7.38
7.342,7.351
7.201,7.304
7.28,7.282
7.219,7.225
7.125,7.275
7.272,7.397
7.236,7.465
7.461,7.478
7.471,7.61
7.468,7.514
7.489,7.492
7.392,7.393
7.194,7.4
7.258,7.403
7.338,7.446
7.425,7.425
7.256,7.301
7.185,7.275
7.202,7.339
7.305,7.387
7.308,7.355
7.222,7.378
7.312,7.34
7.163,7.239
7.233,7.29
7.291,7.32
7.195,7.255
7.133,7.227
7.225,7.252
7.222,7.249
7.249,7.41
7.408,7.412
7.362,7.387
7.354,7.371
7.319,7.41
7.263,7.324
7.313,7.396
7.369,7.442
7.262,7.274
7.179,7.3
7.243,7.269
7.246,7.31
7.29,7.324
7.152,7.209
7.15,7.293
7.272,7.337
7.27,7.295
7.274,7.317
7.25,7.267
7.252,7.257
7.251,7.31
7.256,7.285
7.267,7.338
7.329,7.435
7.415,7.443
7.394,7.397
7.357,7.363
7.353,7.398
7.383,7.391
7.34,7.495
7.495,7.61
7.495,7.525
7.454,7.55
7.503,7.64
7.622,7.662
7.648,7.877
7.842,8.018
7.719,7.733
7.658,7.658
7.545,7.59
7.533,7.541
7.476,7.476
7.286,7.377
7.365,7.369
7.301,7.305
7.28,7.301
7.053,7.148
7.03,7.143
7.133,7.169
7.135,7.189
7.179,7.256
7.203,7.25
7.202,7.216
7.144,7.172
7.077,7.259
7.241,7.327
7.297,7.538
7.38,7.432
7.252,7.292
7.181,7.317
7.308,7.392
7.351,7.375
7.216,7.281
7.145,7.177
6.975,7.231
7.228,7.316
7.315,7.354
7.287,7.305
7.3,7.379
7.37,7.399
7.381,7.4
7.338,7.375
7.312,7.322
7.265,7.276
7.247,7.259
7.248,7.307
7.305,7.362
7.356,7.481
7.379,7.474
7.469,7.525
7.455,7.484
7.426,7.445
7.43,7.441
7.429,7.435
7.382,7.406
7.404,7.406
7.328,7.341
7.309,7.324
7.321,7.363
7.338,7.386
7.382,7.396
7.395,7.396
7.339,7.34
7.268,7.308
7.285,7.307
7.303,7.304
7.254,7.263
7.198,7.221
7.122,7.17
7.166,7.176
7.168,7.207
7.162,7.198
7.161,7.176
7.088,7.104
7.052,7.067
7.007,7.102
7.031,7.039
6.991,7.087
7.057,7.106
7.062,7.083
7.036,7.048
7.015,7.067
7.025,7.063
7.036,7.059
7.061,7.086
7.036,7.048
6.985,6.998
6.941,6.983
6.955,6.961
6.932,6.969
6.963,7.006
7.001,7.011
6.987,6.999
6.973,7.06
7.007,7.028
7.013,7.014
6.972,7.025
6.944,7.002
6.988,7.011
7.009,7.032
7.028,7.045
6.995,7.027
6.908,6.927
6.916,6.926
6.872,6.88
6.741,6.812
6.663,6.767
6.712,6.756
6.74,6.741
6.721,6.757
6.672,6.714
6.695,6.733
6.733,6.748
6.72,6.8
6.794,6.799
6.776,6.794
6.718,6.747
6.691,6.7
6.662,6.671
6.664,6.687
6.665,6.702
6.61,6.631
6.545,6.562
6.473,6.622
6.573,6.58
6.535,6.597
6.455,6.511
6.48,6.501
6.447,6.642
6.632,6.639
6.578,6.62
6.602,6.603
6.567,6.568
6.483,6.509
6.398,6.402
6.355,6.472
6.449,6.49
6.459,6.518
6.497,6.6
6.598,6.639
6.617,6.617
6.594,6.613
6.595,6.614
6.592,6.661
6.658,6.666
6.62,6.631
6.604,6.645
6.61,6.658
6.564,6.579
6.375,6.44
6.141,6.321
6.29,6.319
6.261,6.269
6.144,6.256
6.214,6.263
6.15,6.285
6.27,6.32
6.318,6.323
6.265,6.321
6.261,6.269
6.122,6.159
5.903,5.97
5.941,6.071
6.065,6.099
6.075,6.099
6.01,6.025
5.888,6.041
6.002,6.085
6.068,6.099
6.037,6.095
5.996,6.126
6.101,6.116
6.056,6.114
6.113,6.179
6.15,6.161
5.974,6.002
5.989,6.078
6.01,6.044
6.034,6.075
6.063,6.092
6.065,6.192
6.182,6.225
6.189,6.194
6.089,6.097
6.047,6.053
5.97,6.04
6.004,6.067
6.067,6.098
6.067,6.171
6.16,6.183
6.178,6.196
6.182,6.214
6.162,6.19
6.152,6.218
6.219,6.283
6.24,6.325
6.309,6.333
6.301,6.352
6.347,6.431
6.414,6.423
6.374,6.387
6.309,6.315
6.204,6.306
6.291,6.388
6.362,6.438
6.431,6.486
6.414,6.498
6.467,6.467
6.411,6.472
6.426,6.46
6.438,6.445
6.398,6.412
6.342,6.369
6.344,6.383
6.342,6.501
6.48,6.499
6.364,6.383
6.209,6.261
6.195,6.237
6.0,6.13
6.119,6.282
6.177,6.197
6.161,6.235
6.23,6.23
6.114,6.135
6.1,6.126
5.967,6.024
5.924,5.957
5.818,5.851
5.754,5.89
5.875,5.915
5.835,5.864
5.818,5.925
5.913,5.928
5.784,5.848
5.81,5.862
5.861,5.915
5.884,5.884
5.829,5.927
5.903,5.984
5.92,5.924
5.765,5.836
5.806,5.882
5.882,5.966
5.962,6.01
6.007,6.035
5.985,6.027
6.019,6.02
5.977,6.013
5.983,6.019
5.987,5.988
5.922,5.938
5.899,5.901
5.823,5.851
5.745,5.88
5.87,5.943
5.941,6.062
6.036,6.083
6.052,6.072
6.008,6.094
6.087,6.109
6.082,6.151
6.091,6.149
6.118,6.156
6.06,6.075
5.997,6.096
6.04,6.102
6.086,6.153
6.151,6.181
6.147,6.22
6.189,6.272
6.235,6.244
6.184,6.221
6.183,6.201
6.191,6.195
6.164,6.189
6.145,6.146
6.109,6.123
6.101,6.142
6.13,6.145
6.109,6.125
6.11,6.153
6.153,6.168
6.137,6.194
6.185,6.22
6.15,6.171
6.135,6.185
6.172,6.172
6.081,6.09
5.974,6.054
6.035,6.079
6.056,6.081
6.06,6.111
6.077,6.104
6.07,6.081
6.056,6.07
6.07,6.133
6.111,6.137
6.138,6.185
6.177,6.179
6.139,6.152
6.139,6.139
6.061,6.101
6.065,6.065
5.943,6.002
5.98,5.994
5.942,5.943
5.892,5.926
5.9,5.954
5.949,5.99
5.988,6.001
5.953,5.974
5.942,5.977
5.976,5.978
5.845,5.902
5.814,5.838
5.788,5.79
5.711,5.742
5.73,5.786
5.781,5.834
5.827,5.828
5.711,5.721
5.651,5.686
5.662,5.691
5.661,5.671
5.615,5.666
5.666,5.671
5.613,5.681
5.68,5.704
5.675,5.731
5.727,5.742
5.71,5.712
5.655,5.67
5.631,5.688
5.679,5.679
5.628,5.701
5.652,5.669
5.527,5.529
5.332,5.369
5.33,5.414
5.388,5.421
5.312,5.338
5.256,5.353
5.317,5.349
5.32,5.353
5.232,5.282
5.183,5.242
5.217,5.242
5.205,5.219
5.155,5.219
5.216,5.312
5.295,5.296
5.189,5.305
5.177,5.306
5.256,5.351
5.35,5.35
5.238,5.317
5.287,5.309
5.253,5.431
5.428,5.515
5.443,5.571
5.518,5.548
5.503,5.512
5.51,5.51
5.423,5.528
5.511,5.567
5.561,5.751
5.724,5.763
5.697,5.733
5.705,5.741
5.731,5.78
5.764,5.792
5.765,5.823
5.786,5.87
5.837,5.837
5.806,5.809
5.692,5.724
5.628,5.645
5.546,5.625
5.61,5.619
5.43,5.491
5.423,5.435
5.319,5.493
5.464,5.508
5.472,5.513
5.505,5.505
5.387,5.389
5.337,5.424
5.424,5.461
5.447,5.524
5.523,5.523
5.348,5.385
5.301,5.301
5.249,5.273
5.142,5.219
5.191,5.311
5.311,5.348
5.324,5.481
5.476,5.508
5.478,5.498
5.481,5.482
5.393,5.456
5.44,5.454
5.432,5.469
5.464,5.475
5.44,5.549
5.543,5.544
5.511,5.59
5.547,5.556
5.523,5.528
5.482,5.491
5.439,5.48
5.472,5.49
5.449,5.474
5.39,5.39
5.34,5.362
5.216,5.296
5.282,5.413
5.404,5.435
5.406,5.516
5.513,5.637
5.634,5.761
5.717,5.824
5.773,5.835
5.822,5.867
5.824,5.842
5.819,5.819
5.802,5.834
5.803,5.823
5.809,5.821
5.806,5.825
5.817,5.818
5.79,5.859
5.819,5.865
5.854,5.93
5.902,5.933
5.895,5.917
5.905,6.462
6.202,6.267
6.082,6.112
6.035,6.046
6.0,6.0
5.939,6.003
5.997,6.085
6.048,6.109
6.093,6.172
6.164,6.177
6.143,6.233
6.2,6.24
6.206,6.236
6.187,6.187
6.146,6.178
6.162,6.188
6.18,6.189
6.149,6.19
6.137,6.181
6.09,6.119
6.064,6.101
6.088,6.1
6.016,6.21
6.199,6.202
6.183,6.19
6.111,6.156
6.142,6.164
6.159,6.197
6.196,6.2
6.111,6.134
6.073,6.098
6.004,6.004
5.919,5.96
5.956,6.011
5.992,6.103
6.078,6.087
6.061,6.061
6.011,6.093
6.088,6.105
6.046,6.051
6.015,6.025
6.003,6.026
6.001,6.082
6.063,6.063
6.003,6.005
5.973,5.973
5.838,5.868
5.826,5.826
5.794,5.878
5.869,5.905
5.894,5.911
5.88,5.927
5.912,5.942
5.923,5.985
5.984,6.04
5.948,5.987
5.985,6.008
6.002,6.021
5.989,5.997
5.965,5.976
5.927,5.948
5.932,5.934
5.876,5.89
5.797,5.823
5.77,5.8
5.793,5.812
5.705,5.752
5.746,5.791
5.707,5.727
5.689,5.697
5.552,5.596
5.523,5.55
5.486,5.665
5.665,5.686
5.626,5.629
5.584,5.592
5.565,5.596
5.554,5.602
5.593,5.62
5.561,5.602
5.566,5.574
5.545,5.601
5.58,5.584
5.531,5.547
5.524,5.526
5.492,5.496
5.482,5.492
5.465,5.513
5.496,5.526
5.523,5.54
5.538,5.538
5.5,5.518
5.491,5.585
5.582,5.649
5.628,5.646
5.582,5.583
5.578,5.582
5.454,5.48
5.472,5.503
5.486,5.507
5.482,5.494
5.483,5.504
5.498,5.532
5.529,5.534
5.515,5.595
5.567,5.588
5.578,5.605
5.56,5.607
5.607,5.609
5.599,5.6
5.574,5.602
5.6,5.624
5.611,5.63
5.616,5.619
5.603,5.625
5.615,5.644
5.618,5.644
5.622,5.664
5.653,5.655
5.64,5.706
5.695,5.705
5.626,5.664
5.662,5.665
5.652,5.695
5.657,5.66
5.638,5.655
5.627,5.642
5.621,5.631
5.627,5.653
5.636,5.641
5.621,5.634
5.615,5.623
5.613,5.613
5.577,5.6
5.582,5.596
5.584,5.595
5.558,5.568
5.531,5.538
5.5,5.558
5.558,5.595
5.593,5.605
5.587,5.593
5.582,5.594
5.569,5.573
5.549,5.549
5.502,5.504
5.462,5.487
5.442,5.477
5.474,5.498
5.496,5.513
5.491,5.491
5.46,5.462
5.449,5.454
5.444,5.463
5.458,5.484
5.469,5.549
5.54,5.544
5.5,5.521
5.508,5.561
5.556,5.58
5.555,5.555
5.527,5.576
5.571,5.58
5.575,5.601
5.584,5.601
5.56,5.565
5.516,5.567
5.557,5.57
5.545,5.571
5.57,5.605
5.594,5.623
5.583,5.601
5.543,5.55
5.504,5.534
5.521,5.594
5.589,5.607
5.594,5.607
5.586,5.601
5.582,5.648
5.643,5.65
5.626,5.65
5.63,5.652
5.642,5.677
5.664,5.68
5.674,5.709
5.671,5.671
5.663,5.671
5.641,5.657
5.641,5.684
5.681,5.686
5.642,5.678
5.677,5.722
5.719,5.741
5.723,5.75
5.734,5.734
5.71,5.782
5.774,5.788
5.782,5.796
5.782,5.795
5.755,5.761
5.739,5.764
5.734,5.734
5.664,5.748
5.73,5.885
5.826,5.934
5.856,5.917
5.91,5.928
5.885,5.914
5.897,5.897
5.83,5.842
5.807,5.861
5.823,5.87
5.823,5.845
5.815,5.879
5.873,5.909
5.886,5.903
5.889,5.951
5.939,6.048
6.003,6.014
5.965,6.016
6.003,6.04
6.012,6.023
5.949,5.958
5.932,5.968
5.967,6.001
6.002,6.026
6.01,6.06
6.041,6.049
6.039,6.042
5.965,6.007
5.967,6.012
6.003,6.049
6.039,6.04
6.006,6.006
5.993,6.014
6.012,6.043
6.014,6.036
6.035,6.093
6.08,6.1
6.082,6.12
6.105,6.128
6.125,6.129
6.12,6.138
6.09,6.171
6.17,6.212
6.187,6.212
6.12,6.14
6.122,6.17
6.166,6.183
6.18,6.18
5.964,6.012
5.963,5.996
5.994,6.042
6.034,6.034
6.02,6.02
5.979,6.027
6.003,6.032
6.01,6.01
5.999,6.01
5.999,6.026
5.999,6.009
5.957,5.957
5.84,5.887
5.769,5.857
5.854,5.857
5.813,5.825
5.802,5.856
5.751,5.774
5.72,5.798
5.796,5.818
5.807,5.831
5.793,5.827
5.797,5.811
5.78,5.8
5.755,5.802
5.795,5.797
5.791,5.826
5.826,5.837
5.81,5.815
5.804,5.852
5.851,5.865
5.851,5.862
5.849,5.883
5.881,5.934
5.934,5.984
5.949,5.993
5.958,5.958
5.923,5.946
5.944,5.998
5.992,6.004
5.966,6.034
5.982,5.994
5.933,5.974
5.919,5.947
5.942,5.98
5.927,5.932
5.914,5.922
5.796,5.829
5.768,5.834
5.824,5.824
5.72,5.762
5.754,5.809
5.802,5.83
5.82,5.862
5.86,5.885
5.854,5.91
5.911,5.953
5.95,5.974
5.973,6.042
6.04,6.049
5.896,5.903
5.864,5.992
5.949,5.96
5.912,5.966
5.84,5.94
5.832,5.876
5.872,5.927
5.925,5.935
5.888,5.921
5.813,5.846
5.751,5.834
5.823,5.83
5.826,5.896
5.871,5.872
5.858,5.905
5.898,5.973
5.942,5.998
5.998,6.0
5.948,6.022
6.023,6.18
6.139,6.25
6.133,6.388
6.271,6.325
6.201,6.272
6.256,6.353
6.234,6.238
6.183,6.437
6.428,6.5
6.485,6.736
6.637,6.783
6.722,6.778
6.757,6.779
6.622,6.69
6.664,6.69
6.637,6.666
6.591,6.783
6.733,6.866
6.803,6.811
6.646,6.675
6.629,6.71
6.705,6.713
6.704,6.725
6.586,6.602
6.561,6.565
6.481,6.482
6.348,6.421
6.422,6.426
6.386,6.444
6.422,6.446
6.373,6.437
6.409,6.411
6.367,6.42
6.403,6.408
6.372,6.377
6.352,6.404
6.402,6.403
6.377,6.394
6.39,6.45
6.422,6.454
6.427,6.439
6.416,6.463
6.422,6.432
6.382,6.427
6.427,6.439
6.4,6.405
6.392,6.441
6.436,6.498
6.468,6.497
6.491,6.494
6.426,6.426
6.408,6.476
6.46,6.477
6.454,6.454
6.313,6.39
6.379,6.383
6.258,6.368
6.362,6.418
6.406,6.431
6.382,6.439
6.384,6.385
6.326,6.36
6.353,6.41
6.38,6.388
6.328,6.332
6.209,6.282
6.278,6.297
6.267,6.282
6.236,6.241
6.237,6.372
6.361,6.418
6.404,6.414
6.374,6.399
6.358,6.423
6.388,6.402
6.347,6.361
6.327,6.404
6.371,6.393
6.34,6.358
6.269,6.279
6.222,6.227
6.154,6.259
6.226,6.267
6.186,6.241
6.206,6.236
6.23,6.243
6.229,6.246
6.241,6.241
6.228,6.23
6.215,6.231
6.227,6.232
6.228,6.24
6.182,6.186
6.162,6.237
6.23,6.256
6.24,6.273
6.262,6.263
6.23,6.24
6.19,6.258
6.253,6.262
6.259,6.26
6.237,6.238
6.204,6.244
6.244,6.255
6.218,6.235
6.215,6.226
6.208,6.249
6.249,6.253
6.201,6.228
6.208,6.208
6.176,6.193
6.166,6.187
6.165,6.208
6.163,6.208
6.197,6.197
6.171,6.192
6.183,6.202
6.197,6.204
6.176,6.225
6.218,6.247
6.234,6.272
6.27,6.27
6.213,6.236
6.213,6.225
6.18,6.18
6.173,6.179
6.174,6.177
6.151,6.175
6.139,6.15
6.147,6.162
6.12,6.137
6.129,6.129
6.037,6.095
6.092,6.129
6.128,6.13
6.101,6.101
6.089,6.111
6.099,6.099
6.076,6.081
6.049,6.064
6.009,6.013
5.984,5.991
5.969,5.97
5.948,5.974
5.909,5.964
5.951,5.979
5.973,5.983
5.98,5.987
5.98,5.991
5.975,5.995
5.988,5.995
5.992,5.996
5.991,5.993
5.958,5.971
5.974,5.983
5.971,6.003
6.003,6.029
6.026,6.058
6.027,6.041
6.01,6.02
6.009,6.017
6.014,6.027
6.025,6.025
6.001,6.006
5.995,6.006
5.982,5.992
5.967,5.984
5.976,5.99
5.974,6.003
5.998,6.005
5.994,6.016
6.0,6.02
5.994,6.01
5.98,5.996
5.99,5.997
5.994,5.996
5.975,5.979
5.92,5.939
5.913,5.913
5.884,5.907
5.897,5.91
5.895,5.905
5.899,5.935
5.902,5.931
5.914,5.934
5.923,5.946
5.922,5.927
5.916,5.922
5.888,5.907
5.874,5.884
5.861,5.868
5.862,5.89
5.889,5.92
5.91,5.943
5.916,5.924
5.887,5.911
5.88,5.905
5.89,5.931
5.931,5.971
5.957,6.035
6.035,6.095
6.083,6.132
6.056,6.099
6.036,6.059
6.025,6.031
5.669,5.771
5.755,5.788
5.739,5.797
5.766,5.78
5.754,5.758
5.688,5.715
5.668,5.723
5.682,5.712
5.674,5.703
5.666,5.701
5.7,5.733
5.704,5.716
5.655,5.711
5.705,5.742
5.738,5.772
5.772,5.835
5.8,5.806
5.722,5.743
5.652,5.686
5.613,5.621
5.516,5.594
5.588,5.588
5.521,5.608
5.537,5.588
5.588,5.588
5.55,5.6
5.598,5.616
5.603,5.624
5.616,5.616
5.592,5.633
5.625,5.64
5.631,5.636
5.615,5.639
5.639,5.658
5.646,5.669
5.657,5.669
5.648,5.648
5.522,5.542
5.537,5.564
5.551,5.569
5.53,5.533
5.439,5.459
5.33,5.375
5.347,5.37
5.364,5.402
5.356,5.379
5.338,5.364
5.313,5.365
5.359,5.383
5.378,5.414
5.386,5.403
5.37,5.397
5.363,5.371
5.34,5.352
5.223,5.302
5.281,5.291
5.242,5.26
5.259,5.26
5.228,5.232
5.154,5.236
5.23,5.291
5.278,5.28
5.225,5.228
5.15,5.212
5.204,5.287
5.286,5.374
5.334,5.392
5.352,5.366
5.261,5.316
5.294,5.351
5.311,5.339
5.31,5.344
5.341,5.345
5.31,5.47
5.369,5.406
5.394,5.485
5.459,5.49
5.479,5.54
5.533,5.556
5.536,5.544
5.482,5.555
5.546,5.602
5.6,5.651
5.613,5.613
5.582,5.592
5.464,5.485
5.455,5.472
5.439,5.577
5.561,5.609
5.577,5.583
5.563,5.623
5.536,5.556
5.536,5.543
5.518,5.529
5.508,5.514
5.497,5.497
5.461,5.51
5.506,5.523
5.52,5.546
5.518,5.534
5.497,5.5
5.488,5.577
5.56,5.577
5.539,5.581
5.563,5.567
5.536,5.536
5.514,5.517
5.442,5.476
5.427,5.454
5.415,5.422
5.317,5.356
5.319,5.353
5.329,5.469
5.467,5.486
5.464,5.468
5.412,5.413
5.357,5.39
5.38,5.401
5.361,5.377
5.314,5.331
5.313,5.313
5.265,5.303
5.292,5.298
5.245,5.253
5.234,5.239
5.215,5.215
5.192,5.209
5.207,5.259
5.247,5.275
5.273,5.301
5.288,5.303
5.267,5.281
5.261,5.294
5.288,5.298
5.273,5.273
5.25,5.253
5.215,5.216
5.132,5.175
5.166,5.183
5.118,5.141
5.111,5.12
5.065,5.16
5.155,5.17
5.154,5.19
5.17,5.217
5.196,5.241
5.238,5.271
5.26,5.282
5.262,5.292
5.284,5.303
5.266,5.294
5.293,5.328
5.309,5.345
5.321,5.321
5.288,5.299
5.293,5.32
5.292,5.354
5.352,5.474
5.456,5.478
5.423,5.428
5.399,5.408
5.371,5.399
5.386,5.395
5.332,5.385
5.369,5.429
5.421,5.434
5.417,5.431
5.419,5.457
5.446,5.46
5.441,5.441
5.381,5.396
5.378,5.398
5.355,5.363
5.276,5.306
5.273,5.297
5.281,5.287
5.243,5.272
5.264,5.284
5.254,5.295
5.276,5.293
5.289,5.289
5.266,5.308
5.305,5.305
5.248,5.248
5.216,5.219
5.165,5.17
5.136,5.178
5.169,5.211
5.206,5.212
5.154,5.158
5.144,5.155
5.076,5.154
5.135,5.16
5.157,5.164
5.123,5.123
5.114,5.128
5.114,5.193
5.172,5.172
5.12,5.123
5.073,5.098
5.097,5.114
5.05,5.088
5.069,5.076
5.044,5.05
4.933,5.079
5.063,5.114
5.113,5.152
5.147,5.171
5.117,5.185
5.149,5.201
5.182,5.247
5.238,5.29
5.284,5.3
5.267,5.277
5.255,5.258
5.231,5.241
5.219,5.264
5.248,5.287
5.272,5.302
5.29,5.31
5.264,5.295
5.293,5.309
5.282,5.285
5.271,5.271
5.253,5.258
5.257,5.283
5.268,5.282
5.272,5.274
5.248,5.294
5.294,5.323
5.282,5.348
5.345,5.349
5.288,5.289
5.266,5.299
5.295,5.342
5.33,5.341
5.33,5.373
5.32,5.339
5.334,5.344
5.336,5.337
5.317,5.349
5.342,5.376
5.374,5.378
5.369,5.42
5.396,5.397
5.376,5.431
5.409,5.418
5.372,5.372
5.358,5.384
5.369,5.372
5.366,5.368
5.327,5.336
5.318,5.357
5.353,5.355
5.326,5.326
5.275,5.295
5.285,5.313
5.3,5.314
5.306,5.323
5.3,5.306
5.299,5.337
5.329,5.366
5.363,5.363
5.348,5.376
5.339,5.351
5.346,5.354
5.335,5.349
5.336,5.338
5.325,5.325
5.315,5.335
5.334,5.349
5.321,5.325
5.31,5.347
5.341,5.369
5.368,5.4
5.373,5.373
5.343,5.37
5.337,5.369
5.349,5.392
5.388,5.403
5.385,5.405
5.402,5.405
5.392,5.415
5.416,5.423
5.411,5.424
5.376,5.383
5.373,5.412
5.408,5.445
5.437,5.442
5.405,5.426
5.395,5.413
5.41,5.422
5.399,5.418
5.409,5.422
5.412,5.423
5.405,5.411
5.406,5.427
5.426,5.452
5.436,5.455
5.454,5.455
5.449,5.462
5.455,5.494
5.488,5.518
5.515,5.516
5.499,5.507
5.47,5.497
5.494,5.497
5.467,5.467
5.415,5.454
5.448,5.469
5.465,5.469
5.424,5.424
5.404,5.41
5.391,5.391
5.383,5.383
5.375,5.375
5.337,5.372
5.367,5.388
5.372,5.385
5.36,5.365
5.324,5.35
5.345,5.35
5.348,5.388
5.378,5.418
5.4,5.402
5.361,5.375
5.361,5.387
5.386,5.389
5.358,5.358
5.342,5.343
5.296,5.299
5.267,5.345
5.345,5.508
5.403,5.465
5.452,5.456
5.414,5.451
5.447,5.468
5.44,5.441
5.411,5.461
5.462,5.508
5.495,5.529
5.521,5.563
5.539,5.59
5.584,5.587
5.57,5.578
5.57,5.595
5.579,5.616
5.61,5.62
5.618,5.635
5.543,5.617
5.568,5.638
5.624,5.636
5.593,5.6
5.535,5.562
5.55,5.58
5.515,5.531
5.52,5.55
5.542,5.558
5.549,5.55
5.513,5.549
5.546,5.584
5.573,5.583
5.559,5.575
5.554,5.58
5.578,5.593
5.567,5.592
5.59,5.608
5.591,5.603
5.602,5.605
5.582,5.605
5.602,5.606
5.577,5.577
5.559,5.591
5.535,5.573
5.541,5.545
5.503,5.507
5.472,5.504
5.499,5.516
5.5,5.508
5.486,5.495
5.462,5.463
5.455,5.486
5.475,5.509
5.505,5.507
5.487,5.507
5.479,5.48
5.364,5.402
5.326,5.343
5.293,5.293
5.265,5.305
5.3,5.332
5.321,5.332
5.294,5.309
5.294,5.317
5.308,5.332
5.315,5.32
5.304,5.32
5.275,5.316
5.3,5.31
5.283,5.298
5.206,5.267
5.207,5.209
5.185,5.186
5.141,5.199
5.197,5.202
5.19,5.191
5.159,5.192
5.19,5.207
5.194,5.209
5.18,5.181
5.173,5.19
5.184,5.187
5.175,5.201
5.187,5.197
5.18,5.181
5.139,5.157
5.157,5.16
5.157,5.172
5.144,5.146
5.086,5.104
5.089,5.115
5.11,5.115
5.098,5.099
5.049,5.09
5.087,5.12
5.053,5.053
4.967,4.996
4.983,5.034
5.032,5.067
5.051,5.051
5.046,5.069
5.055,5.069
5.05,5.079
5.077,5.082
5.04,5.048
5.022,5.042
5.026,5.026
5.003,5.012
5.001,5.01
4.995,4.995
4.962,4.968
4.924,4.963
4.94,4.956
4.95,4.969
4.953,4.964
4.943,4.943
4.861,4.861
4.8,4.849
4.845,4.915
4.89,4.929
4.909,4.912
4.886,4.913
4.878,4.905
4.892,4.982
4.976,5.0
4.98,4.992
4.968,4.97
4.913,4.928
4.897,4.915
4.902,4.935
4.936,4.976
4.947,4.95
4.918,4.944
4.9,4.942
4.941,5.001
4.983,4.983
4.95,4.966
4.953,4.957
4.952,4.954
4.92,4.953
4.935,4.944
4.901,4.921
4.882,4.895
4.854,4.887
4.88,4.892
4.88,4.887
4.873,4.88
4.841,4.858
4.852,4.862
4.846,4.848
4.831,4.864
4.834,4.864
4.864,4.925
4.899,4.916
4.895,4.915
4.889,4.925
4.907,4.907
4.853,4.854
4.832,4.858
4.845,4.849
4.819,4.832
4.826,4.832
4.765,4.784
4.729,4.813
4.784,4.81
4.785,4.809
4.753,4.753
4.697,4.756
4.736,4.773
4.751,4.776
4.77,4.783
4.727,4.74
4.728,4.791
4.783,4.787
4.769,4.783
4.734,4.741
4.731,4.731
4.711,4.717
4.71,4.745
4.729,4.745
4.734,4.748
4.701,4.712
4.681,4.71
4.706,4.706
4.692,4.698
4.659,4.695
4.686,4.71
4.71,4.74
4.73,4.741
4.709,4.728
4.722,4.766
4.762,4.764
4.756,4.775
4.769,4.814
4.795,4.797
4.768,4.809
4.8,4.813
4.806,4.812
4.805,4.806
4.755,4.76
4.739,4.74
4.719,4.721
4.692,4.711
4.701,4.717
4.71,4.724
4.701,4.706
4.668,4.672
4.651,4.659
4.649,4.654
4.625,4.645
4.619,4.728
4.698,4.698
4.586,4.588
4.413,4.58
4.474,4.499
4.47,4.488
4.452,4.463
4.462,4.47
4.414,4.43
4.349,4.389
4.361,4.382
3.907,4.081
3.986,4.014
3.957,3.962
3.493,3.593
3.573,3.603
3.557,3.671
3.64,3.659
3.657,3.708
3.7,3.703
3.663,3.702
3.675,3.679
3.658,3.741
3.72,3.741
3.721,3.731
3.725,3.732
3.712,3.714
3.686,3.687
3.585,3.638
3.639,3.645
3.617,3.638
3.639,3.677
3.662,3.68
3.679,3.717
3.7,3.748
3.741,3.744
3.715,3.75
3.736,3.76
3.76,3.766
3.745,3.756
3.721,3.751
3.753,3.771
3.733,3.754
3.743,3.768
3.746,3.765
3.758,3.824
3.814,3.846
3.8,3.816
3.753,3.775
3.768,3.826
3.812,3.876
3.86,3.86
3.817,3.821
3.799,3.8
3.772,3.821
3.819,3.822
3.756,3.773
3.638,3.67
3.601,3.605
3.427,3.484
3.406,3.574
3.567,3.643
3.634,3.636
3.542,3.575
3.266,3.436
3.016,3.164
2.968,3.053
2.823,3.122
3.108,3.22
3.217,3.41
3.375,3.592
3.488,3.541
3.519,3.529
3.382,3.421
3.404,3.493
3.453,3.516
3.472,3.485
3.441,3.498
3.473,3.537
3.485,3.608
3.589,3.618
3.611,3.645
3.628,3.695
3.668,3.713
3.689,3.695
3.671,3.75
3.739,3.764
3.698,3.823
3.806,3.849
3.85,3.852
3.779,3.792
3.778,3.783
3.697,3.734
3.712,3.729
3.653,3.67
3.602,3.608
3.581,3.608
3.586,3.695
3.65,3.691
3.675,3.681
3.599,3.607
3.584,3.651
3.612,3.673
3.661,3.687
3.646,3.697
3.691,3.707
3.65,3.686
3.546,3.663
3.618,3.699
3.681,3.776
3.755,3.77
3.657,3.693
3.645,3.675
3.644,3.661
3.61,3.634
3.581,3.59
3.589,3.784
3.784,3.826
3.821,3.844
3.827,3.841
3.794,3.794
3.741,3.775
3.73,3.731
3.727,3.751
3.743,3.743
3.722,3.723
3.69,3.724
3.708,3.724
3.7,3.713
3.67,3.692
3.684,3.73
3.722,3.778
3.763,3.899
3.899,3.951
3.943,3.96
3.924,3.925
3.884,3.92
3.913,3.922
3.853,3.881
3.855,3.898
3.867,3.898
3.892,3.95
3.934,3.953
3.896,3.896
3.867,3.916
3.88,3.919
3.913,4.009
3.952,3.956
3.892,3.956
3.892,3.914
3.788,3.828
3.821,3.838
3.806,3.831
3.747,3.774
3.73,3.792
3.654,3.69
3.662,3.689
3.605,3.615
3.538,3.628
3.605,3.683
3.665,3.693
3.617,3.626
3.573,3.624
3.58,3.651
3.644,3.644
3.624,3.667
3.665,3.672
3.631,3.647
3.643,3.646
3.577,3.601
3.588,3.69
3.689,3.738
3.63,3.66
3.596,3.646
3.625,3.65
3.585,3.585
3.551,3.573
3.481,3.502
3.482,3.545
3.543,3.587
3.558,3.595
3.591,3.642
3.616,3.646
3.636,3.679
3.653,3.664
3.632,3.661
3.642,3.677
3.672,3.672
3.617,3.625
3.504,3.59
3.588,3.626
3.599,3.65
3.636,3.643
3.638,3.657
3.609,3.621
3.615,3.624
3.584,3.642
3.611,3.624
3.56,3.587
3.551,3.554
3.514,3.538
3.511,3.609
3.61,3.671
3.662,3.69
3.643,3.678
3.64,3.674
3.672,3.679
3.64,3.654
3.644,3.673
3.668,3.672
3.672,3.757
3.745,3.778
3.749,3.754
3.73,3.764
3.76,3.807
3.805,3.813
3.756,3.778
3.731,3.804
3.773,3.773
3.726,3.764
3.746,3.761
3.707,3.732
3.718,3.74
3.732,3.739
3.721,3.731
3.714,3.793
3.773,3.786
3.745,3.766
3.715,3.719
3.704,3.72
3.698,3.713
3.713,3.718
3.702,3.732
3.726,3.726
3.699,3.742
3.741,3.741
3.718,3.718
3.693,3.699
3.655,3.675
3.654,3.654
3.597,3.626
3.578,3.592
3.591,3.614
3.605,3.637
3.605,3.606
3.536,3.606
3.589,3.602
3.528,3.561
3.532,3.607
3.59,3.594
3.57,3.603
3.585,3.64
3.634,3.786
3.766,3.768
3.738,3.738
3.686,3.717
3.7,3.713
3.695,3.701
3.639,3.728
3.704,3.726
3.695,3.695
3.688,3.71
3.686,3.702
3.65,3.657
3.644,3.663
3.562,3.627
3.616,3.684
3.672,3.673
3.673,3.697
3.642,3.661
3.658,3.707
3.689,3.701
3.66,3.671
3.641,3.646
3.613,3.619
3.615,3.632
3.584,3.593
3.544,3.544
3.529,3.552
3.525,3.525
3.521,3.545
3.519,3.559
3.535,3.565
3.541,3.555
3.547,3.55
3.535,3.565
3.56,3.643
3.634,3.649
3.613,3.621
3.577,3.596
3.583,3.609
3.607,3.617
3.608,3.694
3.679,3.691
3.682,3.705
3.67,3.689
3.688,3.723
3.712,3.715
3.684,3.687
3.664,3.677
3.631,3.645
3.641,3.661
3.657,3.692
3.689,3.704
3.7,3.702
3.692,3.709
3.709,3.729
3.711,3.72
3.706,3.712
